{
  "images" : [
    {
      "filename" : "MenuOrdinamentoDiscendente.png",
      "idiom" : "universal",
      "scale" : "1x"
    },
    {
      "filename" : "MenuOrdinamentoDiscendente@2x.png",
      "idiom" : "universal",
      "scale" : "2x"
    },
    {
      "filename" : "MenuOrdinamentoDiscendente@3x.png",
      "idiom" : "universal",
      "scale" : "3x"
    }
  ],
  "info" : {
    "author" : "xcode",
    "version" : 1
  },
  "properties" : {
    "preserves-vector-representation" : true
  }
}
